"Année","Canton (-) / District (>>) / Commune (......)","Durée du mariage","Nationalité (catégorie) partenaire 1","Nationalité (catégorie) partenaire 2 - total","Suisse","Étranger"
"1969","Suisse","Durée du mariage - total","Nationalité (catégorie) partenaire 1 - total",5982,...,...
"1969","Suisse","Durée du mariage - total","Suisse",...,...,...
"1969","Suisse","Durée du mariage - total","Étranger",...,...,...
"1969","Suisse","0-4 ans","Nationalité (catégorie) partenaire 1 - total",1437,...,...
"1969","Suisse","0-4 ans","Suisse",...,...,...
"1969","Suisse","0-4 ans","Étranger",...,...,...
"1969","Suisse","5-9 ans","Nationalité (catégorie) partenaire 1 - total",1755,...,...
"1969","Suisse","5-9 ans","Suisse",...,...,...
"1969","Suisse","5-9 ans","Étranger",...,...,...
"1969","Suisse","10-14 ans","Nationalité (catégorie) partenaire 1 - total",1145,...,...
"1969","Suisse","10-14 ans","Suisse",...,...,...
"1969","Suisse","10-14 ans","Étranger",...,...,...
"1969","Suisse","15-19 ans","Nationalité (catégorie) partenaire 1 - total",714,...,...
"1969","Suisse","15-19 ans","Suisse",...,...,...
"1969","Suisse","15-19 ans","Étranger",...,...,...
"1969","Suisse","20 ans ou plus","Nationalité (catégorie) partenaire 1 - total",931,...,...
"1969","Suisse","20 ans ou plus","Suisse",...,...,...
"1969","Suisse","20 ans ou plus","Étranger",...,...,...
"1970","Suisse","Durée du mariage - total","Nationalité (catégorie) partenaire 1 - total",6406,...,...
"1970","Suisse","Durée du mariage - total","Suisse",...,...,...
"1970","Suisse","Durée du mariage - total","Étranger",...,...,...
"1970","Suisse","0-4 ans","Nationalité (catégorie) partenaire 1 - total",1568,...,...
"1970","Suisse","0-4 ans","Suisse",...,...,...
"1970","Suisse","0-4 ans","Étranger",...,...,...
"1970","Suisse","5-9 ans","Nationalité (catégorie) partenaire 1 - total",1926,...,...
"1970","Suisse","5-9 ans","Suisse",...,...,...
"1970","Suisse","5-9 ans","Étranger",...,...,...
"1970","Suisse","10-14 ans","Nationalité (catégorie) partenaire 1 - total",1143,...,...
"1970","Suisse","10-14 ans","Suisse",...,...,...
"1970","Suisse","10-14 ans","Étranger",...,...,...
"1970","Suisse","15-19 ans","Nationalité (catégorie) partenaire 1 - total",778,...,...
"1970","Suisse","15-19 ans","Suisse",...,...,...
"1970","Suisse","15-19 ans","Étranger",...,...,...
"1970","Suisse","20 ans ou plus","Nationalité (catégorie) partenaire 1 - total",991,...,...
"1970","Suisse","20 ans ou plus","Suisse",...,...,...
"1970","Suisse","20 ans ou plus","Étranger",...,...,...
"1971","Suisse","Durée du mariage - total","Nationalité (catégorie) partenaire 1 - total",7036,...,...
"1971","Suisse","Durée du mariage - total","Suisse",...,...,...
"1971","Suisse","Durée du mariage - total","Étranger",...,...,...
"1971","Suisse","0-4 ans","Nationalité (catégorie) partenaire 1 - total",1740,...,...
"1971","Suisse","0-4 ans","Suisse",...,...,...
"1971","Suisse","0-4 ans","Étranger",...,...,...
"1971","Suisse","5-9 ans","Nationalité (catégorie) partenaire 1 - total",2114,...,...
"1971","Suisse","5-9 ans","Suisse",...,...,...
"1971","Suisse","5-9 ans","Étranger",...,...,...
"1971","Suisse","10-14 ans","Nationalité (catégorie) partenaire 1 - total",1209,...,...
"1971","Suisse","10-14 ans","Suisse",...,...,...
"1971","Suisse","10-14 ans","Étranger",...,...,...
"1971","Suisse","15-19 ans","Nationalité (catégorie) partenaire 1 - total",864,...,...
"1971","Suisse","15-19 ans","Suisse",...,...,...
"1971","Suisse","15-19 ans","Étranger",...,...,...
"1971","Suisse","20 ans ou plus","Nationalité (catégorie) partenaire 1 - total",1109,...,...
"1971","Suisse","20 ans ou plus","Suisse",...,...,...
"1971","Suisse","20 ans ou plus","Étranger",...,...,...
"1972","Suisse","Durée du mariage - total","Nationalité (catégorie) partenaire 1 - total",7651,...,...
"1972","Suisse","Durée du mariage - total","Suisse",...,...,...
"1972","Suisse","Durée du mariage - total","Étranger",...,...,...
"1972","Suisse","0-4 ans","Nationalité (catégorie) partenaire 1 - total",1866,...,...
"1972","Suisse","0-4 ans","Suisse",...,...,...
"1972","Suisse","0-4 ans","Étranger",...,...,...
"1972","Suisse","5-9 ans","Nationalité (catégorie) partenaire 1 - total",2357,...,...
"1972","Suisse","5-9 ans","Suisse",...,...,...
"1972","Suisse","5-9 ans","Étranger",...,...,...
"1972","Suisse","10-14 ans","Nationalité (catégorie) partenaire 1 - total",1448,...,...
"1972","Suisse","10-14 ans","Suisse",...,...,...
"1972","Suisse","10-14 ans","Étranger",...,...,...
"1972","Suisse","15-19 ans","Nationalité (catégorie) partenaire 1 - total",839,...,...
"1972","Suisse","15-19 ans","Suisse",...,...,...
"1972","Suisse","15-19 ans","Étranger",...,...,...
"1972","Suisse","20 ans ou plus","Nationalité (catégorie) partenaire 1 - total",1141,...,...
"1972","Suisse","20 ans ou plus","Suisse",...,...,...
"1972","Suisse","20 ans ou plus","Étranger",...,...,...
"1973","Suisse","Durée du mariage - total","Nationalité (catégorie) partenaire 1 - total",8030,...,...
"1973","Suisse","Durée du mariage - total","Suisse",...,...,...
"1973","Suisse","Durée du mariage - total","Étranger",...,...,...
"1973","Suisse","0-4 ans","Nationalité (catégorie) partenaire 1 - total",1930,...,...
"1973","Suisse","0-4 ans","Suisse",...,...,...
"1973","Suisse","0-4 ans","Étranger",...,...,...
"1973","Suisse","5-9 ans","Nationalité (catégorie) partenaire 1 - total",2556,...,...
"1973","Suisse","5-9 ans","Suisse",...,...,...
"1973","Suisse","5-9 ans","Étranger",...,...,...
"1973","Suisse","10-14 ans","Nationalité (catégorie) partenaire 1 - total",1478,...,...
"1973","Suisse","10-14 ans","Suisse",...,...,...
"1973","Suisse","10-14 ans","Étranger",...,...,...
"1973","Suisse","15-19 ans","Nationalité (catégorie) partenaire 1 - total",925,...,...
"1973","Suisse","15-19 ans","Suisse",...,...,...
"1973","Suisse","15-19 ans","Étranger",...,...,...
"1973","Suisse","20 ans ou plus","Nationalité (catégorie) partenaire 1 - total",1141,...,...
"1973","Suisse","20 ans ou plus","Suisse",...,...,...
"1973","Suisse","20 ans ou plus","Étranger",...,...,...
"1974","Suisse","Durée du mariage - total","Nationalité (catégorie) partenaire 1 - total",8188,...,...
"1974","Suisse","Durée du mariage - total","Suisse",...,...,...
"1974","Suisse","Durée du mariage - total","Étranger",...,...,...
"1974","Suisse","0-4 ans","Nationalité (catégorie) partenaire 1 - total",1898,...,...
"1974","Suisse","0-4 ans","Suisse",...,...,...
"1974","Suisse","0-4 ans","Étranger",...,...,...
"1974","Suisse","5-9 ans","Nationalité (catégorie) partenaire 1 - total",2610,...,...
"1974","Suisse","5-9 ans","Suisse",...,...,...
"1974","Suisse","5-9 ans","Étranger",...,...,...
"1974","Suisse","10-14 ans","Nationalité (catégorie) partenaire 1 - total",1581,...,...
"1974","Suisse","10-14 ans","Suisse",...,...,...
"1974","Suisse","10-14 ans","Étranger",...,...,...
"1974","Suisse","15-19 ans","Nationalité (catégorie) partenaire 1 - total",936,...,...
"1974","Suisse","15-19 ans","Suisse",...,...,...
"1974","Suisse","15-19 ans","Étranger",...,...,...
"1974","Suisse","20 ans ou plus","Nationalité (catégorie) partenaire 1 - total",1163,...,...
"1974","Suisse","20 ans ou plus","Suisse",...,...,...
"1974","Suisse","20 ans ou plus","Étranger",...,...,...
"1975","Suisse","Durée du mariage - total","Nationalité (catégorie) partenaire 1 - total",8917,...,...
"1975","Suisse","Durée du mariage - total","Suisse",...,...,...
"1975","Suisse","Durée du mariage - total","Étranger",...,...,...
"1975","Suisse","0-4 ans","Nationalité (catégorie) partenaire 1 - total",1935,...,...
"1975","Suisse","0-4 ans","Suisse",...,...,...
"1975","Suisse","0-4 ans","Étranger",...,...,...
"1975","Suisse","5-9 ans","Nationalité (catégorie) partenaire 1 - total",2895,...,...
"1975","Suisse","5-9 ans","Suisse",...,...,...
"1975","Suisse","5-9 ans","Étranger",...,...,...
"1975","Suisse","10-14 ans","Nationalité (catégorie) partenaire 1 - total",1772,...,...
"1975","Suisse","10-14 ans","Suisse",...,...,...
"1975","Suisse","10-14 ans","Étranger",...,...,...
"1975","Suisse","15-19 ans","Nationalité (catégorie) partenaire 1 - total",1059,...,...
"1975","Suisse","15-19 ans","Suisse",...,...,...
"1975","Suisse","15-19 ans","Étranger",...,...,...
"1975","Suisse","20 ans ou plus","Nationalité (catégorie) partenaire 1 - total",1256,...,...
"1975","Suisse","20 ans ou plus","Suisse",...,...,...
"1975","Suisse","20 ans ou plus","Étranger",...,...,...
"1976","Suisse","Durée du mariage - total","Nationalité (catégorie) partenaire 1 - total",9583,...,...
"1976","Suisse","Durée du mariage - total","Suisse",...,...,...
"1976","Suisse","Durée du mariage - total","Étranger",...,...,...
"1976","Suisse","0-4 ans","Nationalité (catégorie) partenaire 1 - total",2004,...,...
"1976","Suisse","0-4 ans","Suisse",...,...,...
"1976","Suisse","0-4 ans","Étranger",...,...,...
"1976","Suisse","5-9 ans","Nationalité (catégorie) partenaire 1 - total",3094,...,...
"1976","Suisse","5-9 ans","Suisse",...,...,...
"1976","Suisse","5-9 ans","Étranger",...,...,...
"1976","Suisse","10-14 ans","Nationalité (catégorie) partenaire 1 - total",1994,...,...
"1976","Suisse","10-14 ans","Suisse",...,...,...
"1976","Suisse","10-14 ans","Étranger",...,...,...
"1976","Suisse","15-19 ans","Nationalité (catégorie) partenaire 1 - total",1133,...,...
"1976","Suisse","15-19 ans","Suisse",...,...,...
"1976","Suisse","15-19 ans","Étranger",...,...,...
"1976","Suisse","20 ans ou plus","Nationalité (catégorie) partenaire 1 - total",1358,...,...
"1976","Suisse","20 ans ou plus","Suisse",...,...,...
"1976","Suisse","20 ans ou plus","Étranger",...,...,...
"1977","Suisse","Durée du mariage - total","Nationalité (catégorie) partenaire 1 - total",10474,...,...
"1977","Suisse","Durée du mariage - total","Suisse",...,...,...
"1977","Suisse","Durée du mariage - total","Étranger",...,...,...
"1977","Suisse","0-4 ans","Nationalité (catégorie) partenaire 1 - total",2117,...,...
"1977","Suisse","0-4 ans","Suisse",...,...,...
"1977","Suisse","0-4 ans","Étranger",...,...,...
"1977","Suisse","5-9 ans","Nationalité (catégorie) partenaire 1 - total",3376,...,...
"1977","Suisse","5-9 ans","Suisse",...,...,...
"1977","Suisse","5-9 ans","Étranger",...,...,...
"1977","Suisse","10-14 ans","Nationalité (catégorie) partenaire 1 - total",2176,...,...
"1977","Suisse","10-14 ans","Suisse",...,...,...
"1977","Suisse","10-14 ans","Étranger",...,...,...
"1977","Suisse","15-19 ans","Nationalité (catégorie) partenaire 1 - total",1314,...,...
"1977","Suisse","15-19 ans","Suisse",...,...,...
"1977","Suisse","15-19 ans","Étranger",...,...,...
"1977","Suisse","20 ans ou plus","Nationalité (catégorie) partenaire 1 - total",1491,...,...
"1977","Suisse","20 ans ou plus","Suisse",...,...,...
"1977","Suisse","20 ans ou plus","Étranger",...,...,...
"1978","Suisse","Durée du mariage - total","Nationalité (catégorie) partenaire 1 - total",10497,...,...
"1978","Suisse","Durée du mariage - total","Suisse",...,...,...
"1978","Suisse","Durée du mariage - total","Étranger",...,...,...
"1978","Suisse","0-4 ans","Nationalité (catégorie) partenaire 1 - total",2070,...,...
"1978","Suisse","0-4 ans","Suisse",...,...,...
"1978","Suisse","0-4 ans","Étranger",...,...,...
"1978","Suisse","5-9 ans","Nationalité (catégorie) partenaire 1 - total",3211,...,...
"1978","Suisse","5-9 ans","Suisse",...,...,...
"1978","Suisse","5-9 ans","Étranger",...,...,...
"1978","Suisse","10-14 ans","Nationalité (catégorie) partenaire 1 - total",2239,...,...
"1978","Suisse","10-14 ans","Suisse",...,...,...
"1978","Suisse","10-14 ans","Étranger",...,...,...
"1978","Suisse","15-19 ans","Nationalité (catégorie) partenaire 1 - total",1400,...,...
"1978","Suisse","15-19 ans","Suisse",...,...,...
"1978","Suisse","15-19 ans","Étranger",...,...,...
"1978","Suisse","20 ans ou plus","Nationalité (catégorie) partenaire 1 - total",1577,...,...
"1978","Suisse","20 ans ou plus","Suisse",...,...,...
"1978","Suisse","20 ans ou plus","Étranger",...,...,...
"1979","Suisse","Durée du mariage - total","Nationalité (catégorie) partenaire 1 - total",10394,...,...
"1979","Suisse","Durée du mariage - total","Suisse",...,...,...
"1979","Suisse","Durée du mariage - total","Étranger",...,...,...
"1979","Suisse","0-4 ans","Nationalité (catégorie) partenaire 1 - total",2019,...,...
"1979","Suisse","0-4 ans","Suisse",...,...,...
"1979","Suisse","0-4 ans","Étranger",...,...,...
"1979","Suisse","5-9 ans","Nationalité (catégorie) partenaire 1 - total",3015,...,...
"1979","Suisse","5-9 ans","Suisse",...,...,...
"1979","Suisse","5-9 ans","Étranger",...,...,...
"1979","Suisse","10-14 ans","Nationalité (catégorie) partenaire 1 - total",2248,...,...
"1979","Suisse","10-14 ans","Suisse",...,...,...
"1979","Suisse","10-14 ans","Étranger",...,...,...
"1979","Suisse","15-19 ans","Nationalité (catégorie) partenaire 1 - total",1456,...,...
"1979","Suisse","15-19 ans","Suisse",...,...,...
"1979","Suisse","15-19 ans","Étranger",...,...,...
"1979","Suisse","20 ans ou plus","Nationalité (catégorie) partenaire 1 - total",1656,...,...
"1979","Suisse","20 ans ou plus","Suisse",...,...,...
"1979","Suisse","20 ans ou plus","Étranger",...,...,...
"1980","Suisse","Durée du mariage - total","Nationalité (catégorie) partenaire 1 - total",10910,...,...
"1980","Suisse","Durée du mariage - total","Suisse",...,...,...
"1980","Suisse","Durée du mariage - total","Étranger",...,...,...
"1980","Suisse","0-4 ans","Nationalité (catégorie) partenaire 1 - total",1992,...,...
"1980","Suisse","0-4 ans","Suisse",...,...,...
"1980","Suisse","0-4 ans","Étranger",...,...,...
"1980","Suisse","5-9 ans","Nationalité (catégorie) partenaire 1 - total",3006,...,...
"1980","Suisse","5-9 ans","Suisse",...,...,...
"1980","Suisse","5-9 ans","Étranger",...,...,...
"1980","Suisse","10-14 ans","Nationalité (catégorie) partenaire 1 - total",2438,...,...
"1980","Suisse","10-14 ans","Suisse",...,...,...
"1980","Suisse","10-14 ans","Étranger",...,...,...
"1980","Suisse","15-19 ans","Nationalité (catégorie) partenaire 1 - total",1679,...,...
"1980","Suisse","15-19 ans","Suisse",...,...,...
"1980","Suisse","15-19 ans","Étranger",...,...,...
"1980","Suisse","20 ans ou plus","Nationalité (catégorie) partenaire 1 - total",1795,...,...
"1980","Suisse","20 ans ou plus","Suisse",...,...,...
"1980","Suisse","20 ans ou plus","Étranger",...,...,...
"1981","Suisse","Durée du mariage - total","Nationalité (catégorie) partenaire 1 - total",11131,...,...
"1981","Suisse","Durée du mariage - total","Suisse",...,...,...
"1981","Suisse","Durée du mariage - total","Étranger",...,...,...
"1981","Suisse","0-4 ans","Nationalité (catégorie) partenaire 1 - total",2148,...,...
"1981","Suisse","0-4 ans","Suisse",...,...,...
"1981","Suisse","0-4 ans","Étranger",...,...,...
"1981","Suisse","5-9 ans","Nationalité (catégorie) partenaire 1 - total",2985,...,...
"1981","Suisse","5-9 ans","Suisse",...,...,...
"1981","Suisse","5-9 ans","Étranger",...,...,...
"1981","Suisse","10-14 ans","Nationalité (catégorie) partenaire 1 - total",2463,...,...
"1981","Suisse","10-14 ans","Suisse",...,...,...
"1981","Suisse","10-14 ans","Étranger",...,...,...
"1981","Suisse","15-19 ans","Nationalité (catégorie) partenaire 1 - total",1685,...,...
"1981","Suisse","15-19 ans","Suisse",...,...,...
"1981","Suisse","15-19 ans","Étranger",...,...,...
"1981","Suisse","20 ans ou plus","Nationalité (catégorie) partenaire 1 - total",1850,...,...
"1981","Suisse","20 ans ou plus","Suisse",...,...,...
"1981","Suisse","20 ans ou plus","Étranger",...,...,...
"1982","Suisse","Durée du mariage - total","Nationalité (catégorie) partenaire 1 - total",11589,...,...
"1982","Suisse","Durée du mariage - total","Suisse",...,...,...
"1982","Suisse","Durée du mariage - total","Étranger",...,...,...
"1982","Suisse","0-4 ans","Nationalité (catégorie) partenaire 1 - total",2249,...,...
"1982","Suisse","0-4 ans","Suisse",...,...,...
"1982","Suisse","0-4 ans","Étranger",...,...,...
"1982","Suisse","5-9 ans","Nationalité (catégorie) partenaire 1 - total",2986,...,...
"1982","Suisse","5-9 ans","Suisse",...,...,...
"1982","Suisse","5-9 ans","Étranger",...,...,...
"1982","Suisse","10-14 ans","Nationalité (catégorie) partenaire 1 - total",2520,...,...
"1982","Suisse","10-14 ans","Suisse",...,...,...
"1982","Suisse","10-14 ans","Étranger",...,...,...
"1982","Suisse","15-19 ans","Nationalité (catégorie) partenaire 1 - total",1794,...,...
"1982","Suisse","15-19 ans","Suisse",...,...,...
"1982","Suisse","15-19 ans","Étranger",...,...,...
"1982","Suisse","20 ans ou plus","Nationalité (catégorie) partenaire 1 - total",2040,...,...
"1982","Suisse","20 ans ou plus","Suisse",...,...,...
"1982","Suisse","20 ans ou plus","Étranger",...,...,...
"1983","Suisse","Durée du mariage - total","Nationalité (catégorie) partenaire 1 - total",11710,...,...
"1983","Suisse","Durée du mariage - total","Suisse",...,...,...
"1983","Suisse","Durée du mariage - total","Étranger",...,...,...
"1983","Suisse","0-4 ans","Nationalité (catégorie) partenaire 1 - total",2365,...,...
"1983","Suisse","0-4 ans","Suisse",...,...,...
"1983","Suisse","0-4 ans","Étranger",...,...,...
"1983","Suisse","5-9 ans","Nationalité (catégorie) partenaire 1 - total",2840,...,...
"1983","Suisse","5-9 ans","Suisse",...,...,...
"1983","Suisse","5-9 ans","Étranger",...,...,...
"1983","Suisse","10-14 ans","Nationalité (catégorie) partenaire 1 - total",2461,...,...
"1983","Suisse","10-14 ans","Suisse",...,...,...
"1983","Suisse","10-14 ans","Étranger",...,...,...
"1983","Suisse","15-19 ans","Nationalité (catégorie) partenaire 1 - total",1965,...,...
"1983","Suisse","15-19 ans","Suisse",...,...,...
"1983","Suisse","15-19 ans","Étranger",...,...,...
"1983","Suisse","20 ans ou plus","Nationalité (catégorie) partenaire 1 - total",2079,...,...
"1983","Suisse","20 ans ou plus","Suisse",...,...,...
"1983","Suisse","20 ans ou plus","Étranger",...,...,...
"1984","Suisse","Durée du mariage - total","Nationalité (catégorie) partenaire 1 - total",11219,10354,865
"1984","Suisse","Durée du mariage - total","Suisse",9001,9001,0
"1984","Suisse","Durée du mariage - total","Étranger",2218,1353,865
"1984","Suisse","0-4 ans","Nationalité (catégorie) partenaire 1 - total",2446,2300,146
"1984","Suisse","0-4 ans","Suisse",1848,1848,0
"1984","Suisse","0-4 ans","Étranger",598,452,146
"1984","Suisse","5-9 ans","Nationalité (catégorie) partenaire 1 - total",2586,2415,171
"1984","Suisse","5-9 ans","Suisse",2043,2043,0
"1984","Suisse","5-9 ans","Étranger",543,372,171
"1984","Suisse","10-14 ans","Nationalité (catégorie) partenaire 1 - total",2286,2102,184
"1984","Suisse","10-14 ans","Suisse",1861,1861,0
"1984","Suisse","10-14 ans","Étranger",425,241,184
"1984","Suisse","15-19 ans","Nationalité (catégorie) partenaire 1 - total",1794,1638,156
"1984","Suisse","15-19 ans","Suisse",1485,1485,0
"1984","Suisse","15-19 ans","Étranger",309,153,156
"1984","Suisse","20 ans ou plus","Nationalité (catégorie) partenaire 1 - total",2107,1899,208
"1984","Suisse","20 ans ou plus","Suisse",1764,1764,0
"1984","Suisse","20 ans ou plus","Étranger",343,135,208
"1985","Suisse","Durée du mariage - total","Nationalité (catégorie) partenaire 1 - total",11416,10516,900
"1985","Suisse","Durée du mariage - total","Suisse",9081,9081,0
"1985","Suisse","Durée du mariage - total","Étranger",2335,1435,900
"1985","Suisse","0-4 ans","Nationalité (catégorie) partenaire 1 - total",2426,2271,155
"1985","Suisse","0-4 ans","Suisse",1783,1783,0
"1985","Suisse","0-4 ans","Étranger",643,488,155
"1985","Suisse","5-9 ans","Nationalité (catégorie) partenaire 1 - total",2764,2583,181
"1985","Suisse","5-9 ans","Suisse",2167,2167,0
"1985","Suisse","5-9 ans","Étranger",597,416,181
"1985","Suisse","10-14 ans","Nationalité (catégorie) partenaire 1 - total",2158,1977,181
"1985","Suisse","10-14 ans","Suisse",1735,1735,0
"1985","Suisse","10-14 ans","Étranger",423,242,181
"1985","Suisse","15-19 ans","Nationalité (catégorie) partenaire 1 - total",1813,1650,163
"1985","Suisse","15-19 ans","Suisse",1499,1499,0
"1985","Suisse","15-19 ans","Étranger",314,151,163
"1985","Suisse","20 ans ou plus","Nationalité (catégorie) partenaire 1 - total",2255,2035,220
"1985","Suisse","20 ans ou plus","Suisse",1897,1897,0
"1985","Suisse","20 ans ou plus","Étranger",358,138,220
"1986","Suisse","Durée du mariage - total","Nationalité (catégorie) partenaire 1 - total",11395,10456,939
"1986","Suisse","Durée du mariage - total","Suisse",9122,9122,0
"1986","Suisse","Durée du mariage - total","Étranger",2273,1334,939
"1986","Suisse","0-4 ans","Nationalité (catégorie) partenaire 1 - total",2501,2316,185
"1986","Suisse","0-4 ans","Suisse",1895,1895,0
"1986","Suisse","0-4 ans","Étranger",606,421,185
"1986","Suisse","5-9 ans","Nationalité (catégorie) partenaire 1 - total",2730,2551,179
"1986","Suisse","5-9 ans","Suisse",2137,2137,0
"1986","Suisse","5-9 ans","Étranger",593,414,179
"1986","Suisse","10-14 ans","Nationalité (catégorie) partenaire 1 - total",1994,1809,185
"1986","Suisse","10-14 ans","Suisse",1596,1596,0
"1986","Suisse","10-14 ans","Étranger",398,213,185
"1986","Suisse","15-19 ans","Nationalité (catégorie) partenaire 1 - total",1779,1627,152
"1986","Suisse","15-19 ans","Suisse",1473,1473,0
"1986","Suisse","15-19 ans","Étranger",306,154,152
"1986","Suisse","20 ans ou plus","Nationalité (catégorie) partenaire 1 - total",2391,2153,238
"1986","Suisse","20 ans ou plus","Suisse",2021,2021,0
"1986","Suisse","20 ans ou plus","Étranger",370,132,238
"1987","Suisse","Durée du mariage - total","Nationalité (catégorie) partenaire 1 - total",11553,10622,931
"1987","Suisse","Durée du mariage - total","Suisse",9211,9211,0
"1987","Suisse","Durée du mariage - total","Étranger",2342,1411,931
"1987","Suisse","0-4 ans","Nationalité (catégorie) partenaire 1 - total",2436,2260,176
"1987","Suisse","0-4 ans","Suisse",1851,1851,0
"1987","Suisse","0-4 ans","Étranger",585,409,176
"1987","Suisse","5-9 ans","Nationalité (catégorie) partenaire 1 - total",2856,2630,226
"1987","Suisse","5-9 ans","Suisse",2175,2175,0
"1987","Suisse","5-9 ans","Étranger",681,455,226
"1987","Suisse","10-14 ans","Nationalité (catégorie) partenaire 1 - total",1915,1789,126
"1987","Suisse","10-14 ans","Suisse",1574,1574,0
"1987","Suisse","10-14 ans","Étranger",341,215,126
"1987","Suisse","15-19 ans","Nationalité (catégorie) partenaire 1 - total",1858,1698,160
"1987","Suisse","15-19 ans","Suisse",1527,1527,0
"1987","Suisse","15-19 ans","Étranger",331,171,160
"1987","Suisse","20 ans ou plus","Nationalité (catégorie) partenaire 1 - total",2488,2245,243
"1987","Suisse","20 ans ou plus","Suisse",2084,2084,0
"1987","Suisse","20 ans ou plus","Étranger",404,161,243
"1988","Suisse","Durée du mariage - total","Nationalité (catégorie) partenaire 1 - total",12731,11630,1101
"1988","Suisse","Durée du mariage - total","Suisse",9963,9963,0
"1988","Suisse","Durée du mariage - total","Étranger",2768,1667,1101
"1988","Suisse","0-4 ans","Nationalité (catégorie) partenaire 1 - total",2699,2498,201
"1988","Suisse","0-4 ans","Suisse",2014,2014,0
"1988","Suisse","0-4 ans","Étranger",685,484,201
"1988","Suisse","5-9 ans","Nationalité (catégorie) partenaire 1 - total",3270,2998,272
"1988","Suisse","5-9 ans","Suisse",2420,2420,0
"1988","Suisse","5-9 ans","Étranger",850,578,272
"1988","Suisse","10-14 ans","Nationalité (catégorie) partenaire 1 - total",2039,1870,169
"1988","Suisse","10-14 ans","Suisse",1635,1635,0
"1988","Suisse","10-14 ans","Étranger",404,235,169
"1988","Suisse","15-19 ans","Nationalité (catégorie) partenaire 1 - total",1934,1759,175
"1988","Suisse","15-19 ans","Suisse",1573,1573,0
"1988","Suisse","15-19 ans","Étranger",361,186,175
"1988","Suisse","20 ans ou plus","Nationalité (catégorie) partenaire 1 - total",2789,2505,284
"1988","Suisse","20 ans ou plus","Suisse",2321,2321,0
"1988","Suisse","20 ans ou plus","Étranger",468,184,284
"1989","Suisse","Durée du mariage - total","Nationalité (catégorie) partenaire 1 - total",12721,11490,1231
"1989","Suisse","Durée du mariage - total","Suisse",9755,9755,0
"1989","Suisse","Durée du mariage - total","Étranger",2966,1735,1231
"1989","Suisse","0-4 ans","Nationalité (catégorie) partenaire 1 - total",2918,2614,304
"1989","Suisse","0-4 ans","Suisse",2062,2062,0
"1989","Suisse","0-4 ans","Étranger",856,552,304
"1989","Suisse","5-9 ans","Nationalité (catégorie) partenaire 1 - total",3264,2973,291
"1989","Suisse","5-9 ans","Suisse",2384,2384,0
"1989","Suisse","5-9 ans","Étranger",880,589,291
"1989","Suisse","10-14 ans","Nationalité (catégorie) partenaire 1 - total",2019,1844,175
"1989","Suisse","10-14 ans","Suisse",1605,1605,0
"1989","Suisse","10-14 ans","Étranger",414,239,175
"1989","Suisse","15-19 ans","Nationalité (catégorie) partenaire 1 - total",1726,1560,166
"1989","Suisse","15-19 ans","Suisse",1383,1383,0
"1989","Suisse","15-19 ans","Étranger",343,177,166
"1989","Suisse","20 ans ou plus","Nationalité (catégorie) partenaire 1 - total",2794,2499,295
"1989","Suisse","20 ans ou plus","Suisse",2321,2321,0
"1989","Suisse","20 ans ou plus","Étranger",473,178,295
"1990","Suisse","Durée du mariage - total","Nationalité (catégorie) partenaire 1 - total",13184,11835,1349
"1990","Suisse","Durée du mariage - total","Suisse",9955,9955,0
"1990","Suisse","Durée du mariage - total","Étranger",3229,1880,1349
"1990","Suisse","0-4 ans","Nationalité (catégorie) partenaire 1 - total",3128,2809,319
"1990","Suisse","0-4 ans","Suisse",2225,2225,0
"1990","Suisse","0-4 ans","Étranger",903,584,319
"1990","Suisse","5-9 ans","Nationalité (catégorie) partenaire 1 - total",3473,3132,341
"1990","Suisse","5-9 ans","Suisse",2446,2446,0
"1990","Suisse","5-9 ans","Étranger",1027,686,341
"1990","Suisse","10-14 ans","Nationalité (catégorie) partenaire 1 - total",2051,1861,190
"1990","Suisse","10-14 ans","Suisse",1605,1605,0
"1990","Suisse","10-14 ans","Étranger",446,256,190
"1990","Suisse","15-19 ans","Nationalité (catégorie) partenaire 1 - total",1679,1497,182
"1990","Suisse","15-19 ans","Suisse",1326,1326,0
"1990","Suisse","15-19 ans","Étranger",353,171,182
"1990","Suisse","20 ans ou plus","Nationalité (catégorie) partenaire 1 - total",2853,2536,317
"1990","Suisse","20 ans ou plus","Suisse",2353,2353,0
"1990","Suisse","20 ans ou plus","Étranger",500,183,317
"1991","Suisse","Durée du mariage - total","Nationalité (catégorie) partenaire 1 - total",13628,12209,1419
"1991","Suisse","Durée du mariage - total","Suisse",10258,10258,0
"1991","Suisse","Durée du mariage - total","Étranger",3370,1951,1419
"1991","Suisse","0-4 ans","Nationalité (catégorie) partenaire 1 - total",3386,3005,381
"1991","Suisse","0-4 ans","Suisse",2359,2359,0
"1991","Suisse","0-4 ans","Étranger",1027,646,381
"1991","Suisse","5-9 ans","Nationalité (catégorie) partenaire 1 - total",3560,3196,364
"1991","Suisse","5-9 ans","Suisse",2521,2521,0
"1991","Suisse","5-9 ans","Étranger",1039,675,364
"1991","Suisse","10-14 ans","Nationalité (catégorie) partenaire 1 - total",2192,1985,207
"1991","Suisse","10-14 ans","Suisse",1726,1726,0
"1991","Suisse","10-14 ans","Étranger",466,259,207
"1991","Suisse","15-19 ans","Nationalité (catégorie) partenaire 1 - total",1606,1427,179
"1991","Suisse","15-19 ans","Suisse",1272,1272,0
"1991","Suisse","15-19 ans","Étranger",334,155,179
"1991","Suisse","20 ans ou plus","Nationalité (catégorie) partenaire 1 - total",2884,2596,288
"1991","Suisse","20 ans ou plus","Suisse",2380,2380,0
"1991","Suisse","20 ans ou plus","Étranger",504,216,288
"1992","Suisse","Durée du mariage - total","Nationalité (catégorie) partenaire 1 - total",14530,12929,1601
"1992","Suisse","Durée du mariage - total","Suisse",10843,10840,3
"1992","Suisse","Durée du mariage - total","Étranger",3687,2089,1598
"1992","Suisse","0-4 ans","Nationalité (catégorie) partenaire 1 - total",3657,3205,452
"1992","Suisse","0-4 ans","Suisse",2510,2507,3
"1992","Suisse","0-4 ans","Étranger",1147,698,449
"1992","Suisse","5-9 ans","Nationalité (catégorie) partenaire 1 - total",3852,3425,427
"1992","Suisse","5-9 ans","Suisse",2676,2676,0
"1992","Suisse","5-9 ans","Étranger",1176,749,427
"1992","Suisse","10-14 ans","Nationalité (catégorie) partenaire 1 - total",2389,2131,258
"1992","Suisse","10-14 ans","Suisse",1850,1850,0
"1992","Suisse","10-14 ans","Étranger",539,281,258
"1992","Suisse","15-19 ans","Nationalité (catégorie) partenaire 1 - total",1673,1494,179
"1992","Suisse","15-19 ans","Suisse",1317,1317,0
"1992","Suisse","15-19 ans","Étranger",356,177,179
"1992","Suisse","20 ans ou plus","Nationalité (catégorie) partenaire 1 - total",2959,2674,285
"1992","Suisse","20 ans ou plus","Suisse",2490,2490,0
"1992","Suisse","20 ans ou plus","Étranger",469,184,285
"1993","Suisse","Durée du mariage - total","Nationalité (catégorie) partenaire 1 - total",15054,13304,1750
"1993","Suisse","Durée du mariage - total","Suisse",11228,11185,43
"1993","Suisse","Durée du mariage - total","Étranger",3826,2119,1707
"1993","Suisse","0-4 ans","Nationalité (catégorie) partenaire 1 - total",3748,3211,537
"1993","Suisse","0-4 ans","Suisse",2535,2492,43
"1993","Suisse","0-4 ans","Étranger",1213,719,494
"1993","Suisse","5-9 ans","Nationalité (catégorie) partenaire 1 - total",4201,3730,471
"1993","Suisse","5-9 ans","Suisse",2954,2954,0
"1993","Suisse","5-9 ans","Étranger",1247,776,471
"1993","Suisse","10-14 ans","Nationalité (catégorie) partenaire 1 - total",2312,2094,218
"1993","Suisse","10-14 ans","Suisse",1848,1848,0
"1993","Suisse","10-14 ans","Étranger",464,246,218
"1993","Suisse","15-19 ans","Nationalité (catégorie) partenaire 1 - total",1613,1428,185
"1993","Suisse","15-19 ans","Suisse",1286,1286,0
"1993","Suisse","15-19 ans","Étranger",327,142,185
"1993","Suisse","20 ans ou plus","Nationalité (catégorie) partenaire 1 - total",3180,2841,339
"1993","Suisse","20 ans ou plus","Suisse",2605,2605,0
"1993","Suisse","20 ans ou plus","Étranger",575,236,339
"1994","Suisse","Durée du mariage - total","Nationalité (catégorie) partenaire 1 - total",15634,13686,1948
"1994","Suisse","Durée du mariage - total","Suisse",11582,11409,173
"1994","Suisse","Durée du mariage - total","Étranger",4052,2277,1775
"1994","Suisse","0-4 ans","Nationalité (catégorie) partenaire 1 - total",3664,2988,676
"1994","Suisse","0-4 ans","Suisse",2482,2309,173
"1994","Suisse","0-4 ans","Étranger",1182,679,503
"1994","Suisse","5-9 ans","Nationalité (catégorie) partenaire 1 - total",4535,4057,478
"1994","Suisse","5-9 ans","Suisse",3142,3142,0
"1994","Suisse","5-9 ans","Étranger",1393,915,478
"1994","Suisse","10-14 ans","Nationalité (catégorie) partenaire 1 - total",2521,2271,250
"1994","Suisse","10-14 ans","Suisse",1964,1964,0
"1994","Suisse","10-14 ans","Étranger",557,307,250
"1994","Suisse","15-19 ans","Nationalité (catégorie) partenaire 1 - total",1647,1436,211
"1994","Suisse","15-19 ans","Suisse",1309,1309,0
"1994","Suisse","15-19 ans","Étranger",338,127,211
"1994","Suisse","20 ans ou plus","Nationalité (catégorie) partenaire 1 - total",3267,2934,333
"1994","Suisse","20 ans ou plus","Suisse",2685,2685,0
"1994","Suisse","20 ans ou plus","Étranger",582,249,333
"1995","Suisse","Durée du mariage - total","Nationalité (catégorie) partenaire 1 - total",15703,13591,2112
"1995","Suisse","Durée du mariage - total","Suisse",11689,11372,317
"1995","Suisse","Durée du mariage - total","Étranger",4014,2219,1795
"1995","Suisse","0-4 ans","Nationalité (catégorie) partenaire 1 - total",3347,2600,747
"1995","Suisse","0-4 ans","Suisse",2186,1869,317
"1995","Suisse","0-4 ans","Étranger",1161,731,430
"1995","Suisse","5-9 ans","Nationalité (catégorie) partenaire 1 - total",4736,4186,550
"1995","Suisse","5-9 ans","Suisse",3344,3344,0
"1995","Suisse","5-9 ans","Étranger",1392,842,550
"1995","Suisse","10-14 ans","Nationalité (catégorie) partenaire 1 - total",2695,2408,287
"1995","Suisse","10-14 ans","Suisse",2138,2138,0
"1995","Suisse","10-14 ans","Étranger",557,270,287
"1995","Suisse","15-19 ans","Nationalité (catégorie) partenaire 1 - total",1689,1490,199
"1995","Suisse","15-19 ans","Suisse",1345,1345,0
"1995","Suisse","15-19 ans","Étranger",344,145,199
"1995","Suisse","20 ans ou plus","Nationalité (catégorie) partenaire 1 - total",3236,2907,329
"1995","Suisse","20 ans ou plus","Suisse",2676,2676,0
"1995","Suisse","20 ans ou plus","Étranger",560,231,329
"1996","Suisse","Durée du mariage - total","Nationalité (catégorie) partenaire 1 - total",16172,13822,2350
"1996","Suisse","Durée du mariage - total","Suisse",11966,11520,446
"1996","Suisse","Durée du mariage - total","Étranger",4206,2302,1904
"1996","Suisse","0-4 ans","Nationalité (catégorie) partenaire 1 - total",2990,2115,875
"1996","Suisse","0-4 ans","Suisse",1921,1475,446
"1996","Suisse","0-4 ans","Étranger",1069,640,429
"1996","Suisse","5-9 ans","Nationalité (catégorie) partenaire 1 - total",5125,4481,644
"1996","Suisse","5-9 ans","Suisse",3503,3503,0
"1996","Suisse","5-9 ans","Étranger",1622,978,644
"1996","Suisse","10-14 ans","Nationalité (catégorie) partenaire 1 - total",2814,2505,309
"1996","Suisse","10-14 ans","Suisse",2220,2220,0
"1996","Suisse","10-14 ans","Étranger",594,285,309
"1996","Suisse","15-19 ans","Nationalité (catégorie) partenaire 1 - total",1827,1647,180
"1996","Suisse","15-19 ans","Suisse",1495,1495,0
"1996","Suisse","15-19 ans","Étranger",332,152,180
"1996","Suisse","20 ans ou plus","Nationalité (catégorie) partenaire 1 - total",3416,3074,342
"1996","Suisse","20 ans ou plus","Suisse",2827,2827,0
"1996","Suisse","20 ans ou plus","Étranger",589,247,342
"1997","Suisse","Durée du mariage - total","Nationalité (catégorie) partenaire 1 - total",17073,14461,2612
"1997","Suisse","Durée du mariage - total","Suisse",12614,12021,593
"1997","Suisse","Durée du mariage - total","Étranger",4459,2440,2019
"1997","Suisse","0-4 ans","Nationalité (catégorie) partenaire 1 - total",2943,2078,865
"1997","Suisse","0-4 ans","Suisse",1899,1455,444
"1997","Suisse","0-4 ans","Étranger",1044,623,421
"1997","Suisse","5-9 ans","Nationalité (catégorie) partenaire 1 - total",5541,4684,857
"1997","Suisse","5-9 ans","Suisse",3716,3567,149
"1997","Suisse","5-9 ans","Étranger",1825,1117,708
"1997","Suisse","10-14 ans","Nationalité (catégorie) partenaire 1 - total",3006,2689,317
"1997","Suisse","10-14 ans","Suisse",2370,2370,0
"1997","Suisse","10-14 ans","Étranger",636,319,317
"1997","Suisse","15-19 ans","Nationalité (catégorie) partenaire 1 - total",1995,1789,206
"1997","Suisse","15-19 ans","Suisse",1621,1621,0
"1997","Suisse","15-19 ans","Étranger",374,168,206
"1997","Suisse","20 ans ou plus","Nationalité (catégorie) partenaire 1 - total",3588,3221,367
"1997","Suisse","20 ans ou plus","Suisse",3008,3008,0
"1997","Suisse","20 ans ou plus","Étranger",580,213,367
"1998","Suisse","Durée du mariage - total","Nationalité (catégorie) partenaire 1 - total",17868,14658,3210
"1998","Suisse","Durée du mariage - total","Suisse",13208,12116,1092
"1998","Suisse","Durée du mariage - total","Étranger",4660,2542,2118
"1998","Suisse","0-4 ans","Nationalité (catégorie) partenaire 1 - total",3079,2141,938
"1998","Suisse","0-4 ans","Suisse",2035,1521,514
"1998","Suisse","0-4 ans","Étranger",1044,620,424
"1998","Suisse","5-9 ans","Nationalité (catégorie) partenaire 1 - total",5852,4631,1221
"1998","Suisse","5-9 ans","Suisse",3867,3419,448
"1998","Suisse","5-9 ans","Étranger",1985,1212,773
"1998","Suisse","10-14 ans","Nationalité (catégorie) partenaire 1 - total",3184,2793,391
"1998","Suisse","10-14 ans","Suisse",2520,2473,47
"1998","Suisse","10-14 ans","Étranger",664,320,344
"1998","Suisse","15-19 ans","Nationalité (catégorie) partenaire 1 - total",2077,1842,235
"1998","Suisse","15-19 ans","Suisse",1714,1677,37
"1998","Suisse","15-19 ans","Étranger",363,165,198
"1998","Suisse","20 ans ou plus","Nationalité (catégorie) partenaire 1 - total",3676,3251,425
"1998","Suisse","20 ans ou plus","Suisse",3072,3026,46
"1998","Suisse","20 ans ou plus","Étranger",604,225,379
"1999","Suisse","Durée du mariage - total","Nationalité (catégorie) partenaire 1 - total",20809,16717,4092
"1999","Suisse","Durée du mariage - total","Suisse",15369,13862,1507
"1999","Suisse","Durée du mariage - total","Étranger",5440,2855,2585
"1999","Suisse","0-4 ans","Nationalité (catégorie) partenaire 1 - total",3273,2202,1071
"1999","Suisse","0-4 ans","Suisse",2177,1568,609
"1999","Suisse","0-4 ans","Étranger",1096,634,462
"1999","Suisse","5-9 ans","Nationalité (catégorie) partenaire 1 - total",6781,5057,1724
"1999","Suisse","5-9 ans","Suisse",4446,3701,745
"1999","Suisse","5-9 ans","Étranger",2335,1356,979
"1999","Suisse","10-14 ans","Nationalité (catégorie) partenaire 1 - total",3826,3372,454
"1999","Suisse","10-14 ans","Suisse",2995,2956,39
"1999","Suisse","10-14 ans","Étranger",831,416,415
"1999","Suisse","15-19 ans","Nationalité (catégorie) partenaire 1 - total",2494,2204,290
"1999","Suisse","15-19 ans","Suisse",2067,2024,43
"1999","Suisse","15-19 ans","Étranger",427,180,247
"1999","Suisse","20 ans ou plus","Nationalité (catégorie) partenaire 1 - total",4435,3882,553
"1999","Suisse","20 ans ou plus","Suisse",3684,3613,71
"1999","Suisse","20 ans ou plus","Étranger",751,269,482
"2000","Suisse","Durée du mariage - total","Nationalité (catégorie) partenaire 1 - total",10511,8273,2238
"2000","Suisse","Durée du mariage - total","Suisse",7558,6739,819
"2000","Suisse","Durée du mariage - total","Étranger",2953,1534,1419
"2000","Suisse","0-4 ans","Nationalité (catégorie) partenaire 1 - total",1645,1067,578
"2000","Suisse","0-4 ans","Suisse",1016,754,262
"2000","Suisse","0-4 ans","Étranger",629,313,316
"2000","Suisse","5-9 ans","Nationalité (catégorie) partenaire 1 - total",3378,2415,963
"2000","Suisse","5-9 ans","Suisse",2139,1669,470
"2000","Suisse","5-9 ans","Étranger",1239,746,493
"2000","Suisse","10-14 ans","Nationalité (catégorie) partenaire 1 - total",1972,1708,264
"2000","Suisse","10-14 ans","Suisse",1511,1481,30
"2000","Suisse","10-14 ans","Étranger",461,227,234
"2000","Suisse","15-19 ans","Nationalité (catégorie) partenaire 1 - total",1258,1100,158
"2000","Suisse","15-19 ans","Suisse",1025,1003,22
"2000","Suisse","15-19 ans","Étranger",233,97,136
"2000","Suisse","20 ans ou plus","Nationalité (catégorie) partenaire 1 - total",2258,1983,275
"2000","Suisse","20 ans ou plus","Suisse",1867,1832,35
"2000","Suisse","20 ans ou plus","Étranger",391,151,240
"2001","Suisse","Durée du mariage - total","Nationalité (catégorie) partenaire 1 - total",15778,12595,3183
"2001","Suisse","Durée du mariage - total","Suisse",11742,10473,1269
"2001","Suisse","Durée du mariage - total","Étranger",4036,2122,1914
"2001","Suisse","0-4 ans","Nationalité (catégorie) partenaire 1 - total",2137,1493,644
"2001","Suisse","0-4 ans","Suisse",1408,1089,319
"2001","Suisse","0-4 ans","Étranger",729,404,325
"2001","Suisse","5-9 ans","Nationalité (catégorie) partenaire 1 - total",4883,3398,1485
"2001","Suisse","5-9 ans","Suisse",3200,2390,810
"2001","Suisse","5-9 ans","Étranger",1683,1008,675
"2001","Suisse","10-14 ans","Nationalité (catégorie) partenaire 1 - total",3334,2899,435
"2001","Suisse","10-14 ans","Suisse",2579,2539,40
"2001","Suisse","10-14 ans","Étranger",755,360,395
"2001","Suisse","15-19 ans","Nationalité (catégorie) partenaire 1 - total",1965,1731,234
"2001","Suisse","15-19 ans","Suisse",1625,1584,41
"2001","Suisse","15-19 ans","Étranger",340,147,193
"2001","Suisse","20 ans ou plus","Nationalité (catégorie) partenaire 1 - total",3459,3074,385
"2001","Suisse","20 ans ou plus","Suisse",2930,2871,59
"2001","Suisse","20 ans ou plus","Étranger",529,203,326
"2002","Suisse","Durée du mariage - total","Nationalité (catégorie) partenaire 1 - total",16363,12975,3388
"2002","Suisse","Durée du mariage - total","Suisse",12203,10811,1392
"2002","Suisse","Durée du mariage - total","Étranger",4160,2164,1996
"2002","Suisse","0-4 ans","Nationalité (catégorie) partenaire 1 - total",2152,1460,692
"2002","Suisse","0-4 ans","Suisse",1443,1076,367
"2002","Suisse","0-4 ans","Étranger",709,384,325
"2002","Suisse","5-9 ans","Nationalité (catégorie) partenaire 1 - total",4988,3471,1517
"2002","Suisse","5-9 ans","Suisse",3241,2415,826
"2002","Suisse","5-9 ans","Étranger",1747,1056,691
"2002","Suisse","10-14 ans","Nationalité (catégorie) partenaire 1 - total",3455,2940,515
"2002","Suisse","10-14 ans","Suisse",2681,2585,96
"2002","Suisse","10-14 ans","Étranger",774,355,419
"2002","Suisse","15-19 ans","Nationalité (catégorie) partenaire 1 - total",2225,1965,260
"2002","Suisse","15-19 ans","Suisse",1839,1795,44
"2002","Suisse","15-19 ans","Étranger",386,170,216
"2002","Suisse","20 ans ou plus","Nationalité (catégorie) partenaire 1 - total",3543,3139,404
"2002","Suisse","20 ans ou plus","Suisse",2999,2940,59
"2002","Suisse","20 ans ou plus","Étranger",544,199,345
"2003","Suisse","Durée du mariage - total","Nationalité (catégorie) partenaire 1 - total",16799,13136,3663
"2003","Suisse","Durée du mariage - total","Suisse",12391,10816,1575
"2003","Suisse","Durée du mariage - total","Étranger",4408,2320,2088
"2003","Suisse","0-4 ans","Nationalité (catégorie) partenaire 1 - total",2124,1419,705
"2003","Suisse","0-4 ans","Suisse",1349,973,376
"2003","Suisse","0-4 ans","Étranger",775,446,329
"2003","Suisse","5-9 ans","Nationalité (catégorie) partenaire 1 - total",5117,3481,1636
"2003","Suisse","5-9 ans","Suisse",3281,2371,910
"2003","Suisse","5-9 ans","Étranger",1836,1110,726
"2003","Suisse","10-14 ans","Nationalité (catégorie) partenaire 1 - total",3418,2820,598
"2003","Suisse","10-14 ans","Suisse",2613,2447,166
"2003","Suisse","10-14 ans","Étranger",805,373,432
"2003","Suisse","15-19 ans","Nationalité (catégorie) partenaire 1 - total",2345,2058,287
"2003","Suisse","15-19 ans","Suisse",1917,1876,41
"2003","Suisse","15-19 ans","Étranger",428,182,246
"2003","Suisse","20 ans ou plus","Nationalité (catégorie) partenaire 1 - total",3795,3358,437
"2003","Suisse","20 ans ou plus","Suisse",3231,3149,82
"2003","Suisse","20 ans ou plus","Étranger",564,209,355
"2004","Suisse","Durée du mariage - total","Nationalité (catégorie) partenaire 1 - total",17949,13962,3987
"2004","Suisse","Durée du mariage - total","Suisse",13246,11469,1777
"2004","Suisse","Durée du mariage - total","Étranger",4703,2493,2210
"2004","Suisse","0-4 ans","Nationalité (catégorie) partenaire 1 - total",2157,1400,757
"2004","Suisse","0-4 ans","Suisse",1371,933,438
"2004","Suisse","0-4 ans","Étranger",786,467,319
"2004","Suisse","5-9 ans","Nationalité (catégorie) partenaire 1 - total",5249,3510,1739
"2004","Suisse","5-9 ans","Suisse",3320,2334,986
"2004","Suisse","5-9 ans","Étranger",1929,1176,753
"2004","Suisse","10-14 ans","Nationalité (catégorie) partenaire 1 - total",3764,3071,693
"2004","Suisse","10-14 ans","Suisse",2879,2633,246
"2004","Suisse","10-14 ans","Étranger",885,438,447
"2004","Suisse","15-19 ans","Nationalité (catégorie) partenaire 1 - total",2606,2293,313
"2004","Suisse","15-19 ans","Suisse",2135,2104,31
"2004","Suisse","15-19 ans","Étranger",471,189,282
"2004","Suisse","20 ans ou plus","Nationalité (catégorie) partenaire 1 - total",4173,3688,485
"2004","Suisse","20 ans ou plus","Suisse",3541,3465,76
"2004","Suisse","20 ans ou plus","Étranger",632,223,409
"2005","Suisse","Durée du mariage - total","Nationalité (catégorie) partenaire 1 - total",21332,16448,4884
"2005","Suisse","Durée du mariage - total","Suisse",15703,13460,2243
"2005","Suisse","Durée du mariage - total","Étranger",5629,2988,2641
"2005","Suisse","0-4 ans","Nationalité (catégorie) partenaire 1 - total",2174,1340,834
"2005","Suisse","0-4 ans","Suisse",1295,824,471
"2005","Suisse","0-4 ans","Étranger",879,516,363
"2005","Suisse","5-9 ans","Nationalité (catégorie) partenaire 1 - total",6171,4011,2160
"2005","Suisse","5-9 ans","Suisse",3716,2485,1231
"2005","Suisse","5-9 ans","Étranger",2455,1526,929
"2005","Suisse","10-14 ans","Nationalité (catégorie) partenaire 1 - total",4302,3350,952
"2005","Suisse","10-14 ans","Suisse",3337,2919,418
"2005","Suisse","10-14 ans","Étranger",965,431,534
"2005","Suisse","15-19 ans","Nationalité (catégorie) partenaire 1 - total",3322,2967,355
"2005","Suisse","15-19 ans","Suisse",2769,2739,30
"2005","Suisse","15-19 ans","Étranger",553,228,325
"2005","Suisse","20 ans ou plus","Nationalité (catégorie) partenaire 1 - total",5363,4780,583
"2005","Suisse","20 ans ou plus","Suisse",4586,4493,93
"2005","Suisse","20 ans ou plus","Étranger",777,287,490
"2006","Suisse","Durée du mariage - total","Nationalité (catégorie) partenaire 1 - total",20981,16066,4915
"2006","Suisse","Durée du mariage - total","Suisse",15359,13180,2179
"2006","Suisse","Durée du mariage - total","Étranger",5622,2886,2736
"2006","Suisse","0-4 ans","Nationalité (catégorie) partenaire 1 - total",2124,1271,853
"2006","Suisse","0-4 ans","Suisse",1208,747,461
"2006","Suisse","0-4 ans","Étranger",916,524,392
"2006","Suisse","5-9 ans","Nationalité (catégorie) partenaire 1 - total",5776,3722,2054
"2006","Suisse","5-9 ans","Suisse",3487,2356,1131
"2006","Suisse","5-9 ans","Étranger",2289,1366,923
"2006","Suisse","10-14 ans","Nationalité (catégorie) partenaire 1 - total",4066,3088,978
"2006","Suisse","10-14 ans","Suisse",3131,2661,470
"2006","Suisse","10-14 ans","Étranger",935,427,508
"2006","Suisse","15-19 ans","Nationalité (catégorie) partenaire 1 - total",3484,3069,415
"2006","Suisse","15-19 ans","Suisse",2831,2793,38
"2006","Suisse","15-19 ans","Étranger",653,276,377
"2006","Suisse","20 ans ou plus","Nationalité (catégorie) partenaire 1 - total",5531,4916,615
"2006","Suisse","20 ans ou plus","Suisse",4702,4623,79
"2006","Suisse","20 ans ou plus","Étranger",829,293,536
"2007","Suisse","Durée du mariage - total","Nationalité (catégorie) partenaire 1 - total",19882,15069,4813
"2007","Suisse","Durée du mariage - total","Suisse",14447,12354,2093
"2007","Suisse","Durée du mariage - total","Étranger",5435,2715,2720
"2007","Suisse","0-4 ans","Nationalité (catégorie) partenaire 1 - total",2160,1316,844
"2007","Suisse","0-4 ans","Suisse",1241,781,460
"2007","Suisse","0-4 ans","Étranger",919,535,384
"2007","Suisse","5-9 ans","Nationalité (catégorie) partenaire 1 - total",5483,3431,2052
"2007","Suisse","5-9 ans","Suisse",3219,2129,1090
"2007","Suisse","5-9 ans","Étranger",2264,1302,962
"2007","Suisse","10-14 ans","Nationalité (catégorie) partenaire 1 - total",3701,2819,882
"2007","Suisse","10-14 ans","Suisse",2828,2419,409
"2007","Suisse","10-14 ans","Étranger",873,400,473
"2007","Suisse","15-19 ans","Nationalité (catégorie) partenaire 1 - total",3158,2687,471
"2007","Suisse","15-19 ans","Suisse",2551,2482,69
"2007","Suisse","15-19 ans","Étranger",607,205,402
"2007","Suisse","20 ans ou plus","Nationalité (catégorie) partenaire 1 - total",5380,4816,564
"2007","Suisse","20 ans ou plus","Suisse",4608,4543,65
"2007","Suisse","20 ans ou plus","Étranger",772,273,499
"2008","Suisse","Durée du mariage - total","Nationalité (catégorie) partenaire 1 - total",19613,14713,4900
"2008","Suisse","Durée du mariage - total","Suisse",14217,12082,2135
"2008","Suisse","Durée du mariage - total","Étranger",5396,2631,2765
"2008","Suisse","0-4 ans","Nationalité (catégorie) partenaire 1 - total",2037,1236,801
"2008","Suisse","0-4 ans","Suisse",1168,728,440
"2008","Suisse","0-4 ans","Étranger",869,508,361
"2008","Suisse","5-9 ans","Nationalité (catégorie) partenaire 1 - total",5502,3371,2131
"2008","Suisse","5-9 ans","Suisse",3207,2085,1122
"2008","Suisse","5-9 ans","Étranger",2295,1286,1009
"2008","Suisse","10-14 ans","Nationalité (catégorie) partenaire 1 - total",3552,2659,893
"2008","Suisse","10-14 ans","Suisse",2697,2278,419
"2008","Suisse","10-14 ans","Étranger",855,381,474
"2008","Suisse","15-19 ans","Nationalité (catégorie) partenaire 1 - total",3171,2660,511
"2008","Suisse","15-19 ans","Suisse",2561,2460,101
"2008","Suisse","15-19 ans","Étranger",610,200,410
"2008","Suisse","20 ans ou plus","Nationalité (catégorie) partenaire 1 - total",5351,4787,564
"2008","Suisse","20 ans ou plus","Suisse",4584,4531,53
"2008","Suisse","20 ans ou plus","Étranger",767,256,511
"2009","Suisse","Durée du mariage - total","Nationalité (catégorie) partenaire 1 - total",19321,14429,4892
"2009","Suisse","Durée du mariage - total","Suisse",13694,11609,2085
"2009","Suisse","Durée du mariage - total","Étranger",5627,2820,2807
"2009","Suisse","0-4 ans","Nationalité (catégorie) partenaire 1 - total",2026,1246,780
"2009","Suisse","0-4 ans","Suisse",1128,734,394
"2009","Suisse","0-4 ans","Étranger",898,512,386
"2009","Suisse","5-9 ans","Nationalité (catégorie) partenaire 1 - total",5462,3310,2152
"2009","Suisse","5-9 ans","Suisse",3010,1899,1111
"2009","Suisse","5-9 ans","Étranger",2452,1411,1041
"2009","Suisse","10-14 ans","Nationalité (catégorie) partenaire 1 - total",3598,2684,914
"2009","Suisse","10-14 ans","Suisse",2693,2290,403
"2009","Suisse","10-14 ans","Étranger",905,394,511
"2009","Suisse","15-19 ans","Nationalité (catégorie) partenaire 1 - total",2953,2469,484
"2009","Suisse","15-19 ans","Suisse",2411,2275,136
"2009","Suisse","15-19 ans","Étranger",542,194,348
"2009","Suisse","20 ans ou plus","Nationalité (catégorie) partenaire 1 - total",5282,4720,562
"2009","Suisse","20 ans ou plus","Suisse",4452,4411,41
"2009","Suisse","20 ans ou plus","Étranger",830,309,521
"2010","Suisse","Durée du mariage - total","Nationalité (catégorie) partenaire 1 - total",22081,16353,5728
"2010","Suisse","Durée du mariage - total","Suisse",15640,13216,2424
"2010","Suisse","Durée du mariage - total","Étranger",6441,3137,3304
"2010","Suisse","0-4 ans","Nationalité (catégorie) partenaire 1 - total",2454,1525,929
"2010","Suisse","0-4 ans","Suisse",1456,993,463
"2010","Suisse","0-4 ans","Étranger",998,532,466
"2010","Suisse","5-9 ans","Nationalité (catégorie) partenaire 1 - total",6117,3651,2466
"2010","Suisse","5-9 ans","Suisse",3346,2126,1220
"2010","Suisse","5-9 ans","Étranger",2771,1525,1246
"2010","Suisse","10-14 ans","Nationalité (catégorie) partenaire 1 - total",4087,2969,1118
"2010","Suisse","10-14 ans","Suisse",3010,2483,527
"2010","Suisse","10-14 ans","Étranger",1077,486,591
"2010","Suisse","15-19 ans","Nationalité (catégorie) partenaire 1 - total",3216,2672,544
"2010","Suisse","15-19 ans","Suisse",2597,2438,159
"2010","Suisse","15-19 ans","Étranger",619,234,385
"2010","Suisse","20 ans ou plus","Nationalité (catégorie) partenaire 1 - total",6207,5536,671
"2010","Suisse","20 ans ou plus","Suisse",5231,5176,55
"2010","Suisse","20 ans ou plus","Étranger",976,360,616
"2011","Suisse","Durée du mariage - total","Nationalité (catégorie) partenaire 1 - total",17566,14194,3372
"2011","Suisse","Durée du mariage - total","Suisse",13478,11401,2077
"2011","Suisse","Durée du mariage - total","Étranger",4088,2793,1295
"2011","Suisse","0-4 ans","Nationalité (catégorie) partenaire 1 - total",2073,1318,755
"2011","Suisse","0-4 ans","Suisse",1192,775,417
"2011","Suisse","0-4 ans","Étranger",881,543,338
"2011","Suisse","5-9 ans","Nationalité (catégorie) partenaire 1 - total",4795,3140,1655
"2011","Suisse","5-9 ans","Suisse",2853,1806,1047
"2011","Suisse","5-9 ans","Étranger",1942,1334,608
"2011","Suisse","10-14 ans","Nationalité (catégorie) partenaire 1 - total",3162,2550,612
"2011","Suisse","10-14 ans","Suisse",2565,2135,430
"2011","Suisse","10-14 ans","Étranger",597,415,182
"2011","Suisse","15-19 ans","Nationalité (catégorie) partenaire 1 - total",2543,2294,249
"2011","Suisse","15-19 ans","Suisse",2255,2095,160
"2011","Suisse","15-19 ans","Étranger",288,199,89
"2011","Suisse","20 ans ou plus","Nationalité (catégorie) partenaire 1 - total",4993,4892,101
"2011","Suisse","20 ans ou plus","Suisse",4613,4590,23
"2011","Suisse","20 ans ou plus","Étranger",380,302,78
"2012","Suisse","Durée du mariage - total","Nationalité (catégorie) partenaire 1 - total",17550,13941,3609
"2012","Suisse","Durée du mariage - total","Suisse",13199,11094,2105
"2012","Suisse","Durée du mariage - total","Étranger",4351,2847,1504
"2012","Suisse","0-4 ans","Nationalité (catégorie) partenaire 1 - total",2138,1361,777
"2012","Suisse","0-4 ans","Suisse",1267,822,445
"2012","Suisse","0-4 ans","Étranger",871,539,332
"2012","Suisse","5-9 ans","Nationalité (catégorie) partenaire 1 - total",4710,2964,1746
"2012","Suisse","5-9 ans","Suisse",2654,1640,1014
"2012","Suisse","5-9 ans","Étranger",2056,1324,732
"2012","Suisse","10-14 ans","Nationalité (catégorie) partenaire 1 - total",3218,2556,662
"2012","Suisse","10-14 ans","Suisse",2513,2090,423
"2012","Suisse","10-14 ans","Étranger",705,466,239
"2012","Suisse","15-19 ans","Nationalité (catégorie) partenaire 1 - total",2435,2146,289
"2012","Suisse","15-19 ans","Suisse",2107,1936,171
"2012","Suisse","15-19 ans","Étranger",328,210,118
"2012","Suisse","20 ans ou plus","Nationalité (catégorie) partenaire 1 - total",5049,4914,135
"2012","Suisse","20 ans ou plus","Suisse",4658,4606,52
"2012","Suisse","20 ans ou plus","Étranger",391,308,83
"2013","Suisse","Durée du mariage - total","Nationalité (catégorie) partenaire 1 - total",17119,13466,3653
"2013","Suisse","Durée du mariage - total","Suisse",12766,10733,2033
"2013","Suisse","Durée du mariage - total","Étranger",4353,2733,1620
"2013","Suisse","0-4 ans","Nationalité (catégorie) partenaire 1 - total",2079,1350,729
"2013","Suisse","0-4 ans","Suisse",1246,832,414
"2013","Suisse","0-4 ans","Étranger",833,518,315
"2013","Suisse","5-9 ans","Nationalité (catégorie) partenaire 1 - total",4563,2846,1717
"2013","Suisse","5-9 ans","Suisse",2563,1630,933
"2013","Suisse","5-9 ans","Étranger",2000,1216,784
"2013","Suisse","10-14 ans","Nationalité (catégorie) partenaire 1 - total",3199,2468,731
"2013","Suisse","10-14 ans","Suisse",2449,2020,429
"2013","Suisse","10-14 ans","Étranger",750,448,302
"2013","Suisse","15-19 ans","Nationalité (catégorie) partenaire 1 - total",2277,1984,293
"2013","Suisse","15-19 ans","Suisse",1950,1771,179
"2013","Suisse","15-19 ans","Étranger",327,213,114
"2013","Suisse","20 ans ou plus","Nationalité (catégorie) partenaire 1 - total",5001,4818,183
"2013","Suisse","20 ans ou plus","Suisse",4558,4480,78
"2013","Suisse","20 ans ou plus","Étranger",443,338,105
"2014","Suisse","Durée du mariage - total","Nationalité (catégorie) partenaire 1 - total",16737,13144,3593
"2014","Suisse","Durée du mariage - total","Suisse",12481,10548,1933
"2014","Suisse","Durée du mariage - total","Étranger",4256,2596,1660
"2014","Suisse","0-4 ans","Nationalité (catégorie) partenaire 1 - total",2062,1279,783
"2014","Suisse","0-4 ans","Suisse",1206,782,424
"2014","Suisse","0-4 ans","Étranger",856,497,359
"2014","Suisse","5-9 ans","Nationalité (catégorie) partenaire 1 - total",4256,2660,1596
"2014","Suisse","5-9 ans","Suisse",2415,1568,847
"2014","Suisse","5-9 ans","Étranger",1841,1092,749
"2014","Suisse","10-14 ans","Nationalité (catégorie) partenaire 1 - total",3044,2300,744
"2014","Suisse","10-14 ans","Suisse",2261,1848,413
"2014","Suisse","10-14 ans","Étranger",783,452,331
"2014","Suisse","15-19 ans","Nationalité (catégorie) partenaire 1 - total",2320,2038,282
"2014","Suisse","15-19 ans","Suisse",1987,1817,170
"2014","Suisse","15-19 ans","Étranger",333,221,112
"2014","Suisse","20 ans ou plus","Nationalité (catégorie) partenaire 1 - total",5055,4867,188
"2014","Suisse","20 ans ou plus","Suisse",4612,4533,79
"2014","Suisse","20 ans ou plus","Étranger",443,334,109
"2015","Suisse","Durée du mariage - total","Nationalité (catégorie) partenaire 1 - total",16960,13067,3893
"2015","Suisse","Durée du mariage - total","Suisse",12455,10480,1975
"2015","Suisse","Durée du mariage - total","Étranger",4505,2587,1918
"2015","Suisse","0-4 ans","Nationalité (catégorie) partenaire 1 - total",2077,1264,813
"2015","Suisse","0-4 ans","Suisse",1195,764,431
"2015","Suisse","0-4 ans","Étranger",882,500,382
"2015","Suisse","5-9 ans","Nationalité (catégorie) partenaire 1 - total",4324,2676,1648
"2015","Suisse","5-9 ans","Suisse",2450,1634,816
"2015","Suisse","5-9 ans","Étranger",1874,1042,832
"2015","Suisse","10-14 ans","Nationalité (catégorie) partenaire 1 - total",3192,2366,826
"2015","Suisse","10-14 ans","Suisse",2295,1848,447
"2015","Suisse","10-14 ans","Étranger",897,518,379
"2015","Suisse","15-19 ans","Nationalité (catégorie) partenaire 1 - total",2379,2021,358
"2015","Suisse","15-19 ans","Suisse",1961,1791,170
"2015","Suisse","15-19 ans","Étranger",418,230,188
"2015","Suisse","20 ans ou plus","Nationalité (catégorie) partenaire 1 - total",4988,4740,248
"2015","Suisse","20 ans ou plus","Suisse",4554,4443,111
"2015","Suisse","20 ans ou plus","Étranger",434,297,137
"2016","Suisse","Durée du mariage - total","Nationalité (catégorie) partenaire 1 - total",17028,13078,3950
"2016","Suisse","Durée du mariage - total","Suisse",12553,10592,1961
"2016","Suisse","Durée du mariage - total","Étranger",4475,2486,1989
"2016","Suisse","0-4 ans","Nationalité (catégorie) partenaire 1 - total",2020,1240,780
"2016","Suisse","0-4 ans","Suisse",1160,734,426
"2016","Suisse","0-4 ans","Étranger",860,506,354
"2016","Suisse","5-9 ans","Nationalité (catégorie) partenaire 1 - total",4183,2662,1521
"2016","Suisse","5-9 ans","Suisse",2419,1679,740
"2016","Suisse","5-9 ans","Étranger",1764,983,781
"2016","Suisse","10-14 ans","Nationalité (catégorie) partenaire 1 - total",3356,2406,950
"2016","Suisse","10-14 ans","Suisse",2408,1939,469
"2016","Suisse","10-14 ans","Étranger",948,467,481
"2016","Suisse","15-19 ans","Nationalité (catégorie) partenaire 1 - total",2439,2033,406
"2016","Suisse","15-19 ans","Suisse",2027,1816,211
"2016","Suisse","15-19 ans","Étranger",412,217,195
"2016","Suisse","20 ans ou plus","Nationalité (catégorie) partenaire 1 - total",5030,4737,293
"2016","Suisse","20 ans ou plus","Suisse",4539,4424,115
"2016","Suisse","20 ans ou plus","Étranger",491,313,178
"2017","Suisse","Durée du mariage - total","Nationalité (catégorie) partenaire 1 - total",15906,12137,3769
"2017","Suisse","Durée du mariage - total","Suisse",11536,9761,1775
"2017","Suisse","Durée du mariage - total","Étranger",4370,2376,1994
"2017","Suisse","0-4 ans","Nationalité (catégorie) partenaire 1 - total",1900,1174,726
"2017","Suisse","0-4 ans","Suisse",1075,687,388
"2017","Suisse","0-4 ans","Étranger",825,487,338
"2017","Suisse","5-9 ans","Nationalité (catégorie) partenaire 1 - total",3917,2474,1443
"2017","Suisse","5-9 ans","Suisse",2249,1566,683
"2017","Suisse","5-9 ans","Étranger",1668,908,760
"2017","Suisse","10-14 ans","Nationalité (catégorie) partenaire 1 - total",3039,2137,902
"2017","Suisse","10-14 ans","Suisse",2087,1699,388
"2017","Suisse","10-14 ans","Étranger",952,438,514
"2017","Suisse","15-19 ans","Nationalité (catégorie) partenaire 1 - total",2300,1888,412
"2017","Suisse","15-19 ans","Suisse",1875,1671,204
"2017","Suisse","15-19 ans","Étranger",425,217,208
"2017","Suisse","20 ans ou plus","Nationalité (catégorie) partenaire 1 - total",4750,4464,286
"2017","Suisse","20 ans ou plus","Suisse",4250,4138,112
"2017","Suisse","20 ans ou plus","Étranger",500,326,174
"2018","Suisse","Durée du mariage - total","Nationalité (catégorie) partenaire 1 - total",16542,12566,3976
"2018","Suisse","Durée du mariage - total","Suisse",11978,10064,1914
"2018","Suisse","Durée du mariage - total","Étranger",4564,2502,2062
"2018","Suisse","0-4 ans","Nationalité (catégorie) partenaire 1 - total",1973,1189,784
"2018","Suisse","0-4 ans","Suisse",1095,684,411
"2018","Suisse","0-4 ans","Étranger",878,505,373
"2018","Suisse","5-9 ans","Nationalité (catégorie) partenaire 1 - total",4003,2548,1455
"2018","Suisse","5-9 ans","Suisse",2327,1609,718
"2018","Suisse","5-9 ans","Étranger",1676,939,737
"2018","Suisse","10-14 ans","Nationalité (catégorie) partenaire 1 - total",3154,2216,938
"2018","Suisse","10-14 ans","Suisse",2181,1763,418
"2018","Suisse","10-14 ans","Étranger",973,453,520
"2018","Suisse","15-19 ans","Nationalité (catégorie) partenaire 1 - total",2387,1929,458
"2018","Suisse","15-19 ans","Suisse",1881,1684,197
"2018","Suisse","15-19 ans","Étranger",506,245,261
"2018","Suisse","20 ans ou plus","Nationalité (catégorie) partenaire 1 - total",5025,4684,341
"2018","Suisse","20 ans ou plus","Suisse",4494,4324,170
"2018","Suisse","20 ans ou plus","Étranger",531,360,171
"2019","Suisse","Durée du mariage - total","Nationalité (catégorie) partenaire 1 - total",16885,12833,4052
"2019","Suisse","Durée du mariage - total","Suisse",12289,10372,1917
"2019","Suisse","Durée du mariage - total","Étranger",4596,2461,2135
"2019","Suisse","0-4 ans","Nationalité (catégorie) partenaire 1 - total",1973,1198,775
"2019","Suisse","0-4 ans","Suisse",1127,715,412
"2019","Suisse","0-4 ans","Étranger",846,483,363
"2019","Suisse","5-9 ans","Nationalité (catégorie) partenaire 1 - total",3924,2493,1431
"2019","Suisse","5-9 ans","Suisse",2305,1596,709
"2019","Suisse","5-9 ans","Étranger",1619,897,722
"2019","Suisse","10-14 ans","Nationalité (catégorie) partenaire 1 - total",3291,2336,955
"2019","Suisse","10-14 ans","Suisse",2289,1882,407
"2019","Suisse","10-14 ans","Étranger",1002,454,548
"2019","Suisse","15-19 ans","Nationalité (catégorie) partenaire 1 - total",2508,1989,519
"2019","Suisse","15-19 ans","Suisse",1960,1738,222
"2019","Suisse","15-19 ans","Étranger",548,251,297
"2019","Suisse","20 ans ou plus","Nationalité (catégorie) partenaire 1 - total",5189,4817,372
"2019","Suisse","20 ans ou plus","Suisse",4608,4441,167
"2019","Suisse","20 ans ou plus","Étranger",581,376,205
"2020","Suisse","Durée du mariage - total","Nationalité (catégorie) partenaire 1 - total",16210,12394,3816
"2020","Suisse","Durée du mariage - total","Suisse",11907,10148,1759
"2020","Suisse","Durée du mariage - total","Étranger",4303,2246,2057
"2020","Suisse","0-4 ans","Nationalité (catégorie) partenaire 1 - total",1823,1140,683
"2020","Suisse","0-4 ans","Suisse",1067,702,365
"2020","Suisse","0-4 ans","Étranger",756,438,318
"2020","Suisse","5-9 ans","Nationalité (catégorie) partenaire 1 - total",3645,2298,1347
"2020","Suisse","5-9 ans","Suisse",2148,1506,642
"2020","Suisse","5-9 ans","Étranger",1497,792,705
"2020","Suisse","10-14 ans","Nationalité (catégorie) partenaire 1 - total",3171,2244,927
"2020","Suisse","10-14 ans","Suisse",2190,1797,393
"2020","Suisse","10-14 ans","Étranger",981,447,534
"2020","Suisse","15-19 ans","Nationalité (catégorie) partenaire 1 - total",2431,1929,502
"2020","Suisse","15-19 ans","Suisse",1915,1705,210
"2020","Suisse","15-19 ans","Étranger",516,224,292
"2020","Suisse","20 ans ou plus","Nationalité (catégorie) partenaire 1 - total",5140,4783,357
"2020","Suisse","20 ans ou plus","Suisse",4587,4438,149
"2020","Suisse","20 ans ou plus","Étranger",553,345,208
"2021","Suisse","Durée du mariage - total","Nationalité (catégorie) partenaire 1 - total",17159,12897,4262
"2021","Suisse","Durée du mariage - total","Suisse",12440,10531,1909
"2021","Suisse","Durée du mariage - total","Étranger",4719,2366,2353
"2021","Suisse","0-4 ans","Nationalité (catégorie) partenaire 1 - total",1701,1038,663
"2021","Suisse","0-4 ans","Suisse",946,608,338
"2021","Suisse","0-4 ans","Étranger",755,430,325
"2021","Suisse","5-9 ans","Nationalité (catégorie) partenaire 1 - total",3788,2362,1426
"2021","Suisse","5-9 ans","Suisse",2120,1444,676
"2021","Suisse","5-9 ans","Étranger",1668,918,750
"2021","Suisse","10-14 ans","Nationalité (catégorie) partenaire 1 - total",3552,2513,1039
"2021","Suisse","10-14 ans","Suisse",2504,2054,450
"2021","Suisse","10-14 ans","Étranger",1048,459,589
"2021","Suisse","15-19 ans","Nationalité (catégorie) partenaire 1 - total",2687,2048,639
"2021","Suisse","15-19 ans","Suisse",2039,1802,237
"2021","Suisse","15-19 ans","Étranger",648,246,402
"2021","Suisse","20 ans ou plus","Nationalité (catégorie) partenaire 1 - total",5431,4936,495
"2021","Suisse","20 ans ou plus","Suisse",4831,4623,208
"2021","Suisse","20 ans ou plus","Étranger",600,313,287
"2022","Suisse","Durée du mariage - total","Nationalité (catégorie) partenaire 1 - total",16201,12142,4059
"2022","Suisse","Durée du mariage - total","Suisse",11611,9817,1794
"2022","Suisse","Durée du mariage - total","Étranger",4590,2325,2265
"2022","Suisse","0-4 ans","Nationalité (catégorie) partenaire 1 - total",1613,967,646
"2022","Suisse","0-4 ans","Suisse",885,561,324
"2022","Suisse","0-4 ans","Étranger",728,406,322
"2022","Suisse","5-9 ans","Nationalité (catégorie) partenaire 1 - total",3578,2170,1408
"2022","Suisse","5-9 ans","Suisse",1939,1288,651
"2022","Suisse","5-9 ans","Étranger",1639,882,757
"2022","Suisse","10-14 ans","Nationalité (catégorie) partenaire 1 - total",3271,2339,932
"2022","Suisse","10-14 ans","Suisse",2270,1893,377
"2022","Suisse","10-14 ans","Étranger",1001,446,555
"2022","Suisse","15-19 ans","Nationalité (catégorie) partenaire 1 - total",2581,2011,570
"2022","Suisse","15-19 ans","Suisse",1981,1748,233
"2022","Suisse","15-19 ans","Étranger",600,263,337
"2022","Suisse","20 ans ou plus","Nationalité (catégorie) partenaire 1 - total",5158,4655,503
"2022","Suisse","20 ans ou plus","Suisse",4536,4327,209
"2022","Suisse","20 ans ou plus","Étranger",622,328,294
"2023","Suisse","Durée du mariage - total","Nationalité (catégorie) partenaire 1 - total",15598,11657,3941
"2023","Suisse","Durée du mariage - total","Suisse",11079,9329,1750
"2023","Suisse","Durée du mariage - total","Étranger",4519,2328,2191
"2023","Suisse","0-4 ans","Nationalité (catégorie) partenaire 1 - total",1513,948,565
"2023","Suisse","0-4 ans","Suisse",855,559,296
"2023","Suisse","0-4 ans","Étranger",658,389,269
"2023","Suisse","5-9 ans","Nationalité (catégorie) partenaire 1 - total",3538,2175,1363
"2023","Suisse","5-9 ans","Suisse",1932,1297,635
"2023","Suisse","5-9 ans","Étranger",1606,878,728
"2023","Suisse","10-14 ans","Nationalité (catégorie) partenaire 1 - total",3097,2155,942
"2023","Suisse","10-14 ans","Suisse",2105,1704,401
"2023","Suisse","10-14 ans","Étranger",992,451,541
"2023","Suisse","15-19 ans","Nationalité (catégorie) partenaire 1 - total",2476,1931,545
"2023","Suisse","15-19 ans","Suisse",1865,1664,201
"2023","Suisse","15-19 ans","Étranger",611,267,344
"2023","Suisse","20 ans ou plus","Nationalité (catégorie) partenaire 1 - total",4974,4448,526
"2023","Suisse","20 ans ou plus","Suisse",4322,4105,217
"2023","Suisse","20 ans ou plus","Étranger",652,343,309
